NIM,Nama,Sesi,Kasus,Komunikan,Profil,ZIP,QMD,SHA256
18222009,Daffa Ramadhan Elengi,1,1,Dimas,K1-04,peserta/18222009/kasus_1_18222009.zip,hasil_1_18222009.qmd,fb44436f15eea59cf776195ac145f0fe876e5e12c6f58d59c38c8d80f443b5c5
18222009,Daffa Ramadhan Elengi,2a,2,Budi,K2-02,peserta/18222009/kasus_2a_18222009.zip,hasil_2a_18222009.qmd,aeb25453e7c8a1578fc15aff84897f592f77d0f26901d36d68e388aa673ae2f0
18222009,Daffa Ramadhan Elengi,2b,2,Elsa,K2-05,peserta/18222009/kasus_2b_18222009.zip,hasil_2b_18222009.qmd,9307e6c70409d15f4fd789b7992e579c998ffec465134acc84be2b05f7482d96
18222009,Daffa Ramadhan Elengi,3a,3,Cyntia,K3-03,peserta/18222009/kasus_3a_18222009.zip,hasil_3a_18222009.qmd,baf0eba43a18525969844aa0da609608ef981972874914ff5ee3bc1bff419ce7
18222009,Daffa Ramadhan Elengi,3b,3,Dimas,K3-04,peserta/18222009/kasus_3b_18222009.zip,hasil_3b_18222009.qmd,9456107453cef85ef9385b3770c9bf2b4f979791543486b57437a955ef3bc548
18225001,Kezia Josephine Manik,1,1,Budi,K1-02,peserta/18225001/kasus_1_18225001.zip,hasil_1_18225001.qmd,afe96c18a1c41f5b162dffda856d19fda78c803e384590942987e6f549528f73
18225001,Kezia Josephine Manik,2a,2,Budi,K2-02,peserta/18225001/kasus_2a_18225001.zip,hasil_2a_18225001.qmd,99e812a260f02d5accb4b2a1a45b86b8940fd66078f89ee52ac652dd21ebd77d
18225001,Kezia Josephine Manik,2b,2,Dimas,K2-04,peserta/18225001/kasus_2b_18225001.zip,hasil_2b_18225001.qmd,47eddb5ff3f8170fd01e2319c0d01ef87cd993032faaf417fb9bcd4ab35b9b15
18225001,Kezia Josephine Manik,3a,3,Ali,K3-01,peserta/18225001/kasus_3a_18225001.zip,hasil_3a_18225001.qmd,74324de6c4369c33d7426b00d44e75588974c0e0899ec0e96ae51b43039da24c
18225001,Kezia Josephine Manik,3b,3,Budi,K3-02,peserta/18225001/kasus_3b_18225001.zip,hasil_3b_18225001.qmd,ee571a579155fb86b1af75fc2b999159d14739b2d8c740991e01bed137c4312f
18225003,Erin Cherryl Angela,1,1,Dimas,K1-04,peserta/18225003/kasus_1_18225003.zip,hasil_1_18225003.qmd,0e1c139a6feda007d1ba59fb530e3a8bb4ab8a0644c96fe08b1b3219ff8efd44
18225003,Erin Cherryl Angela,2a,2,Ali,K2-01,peserta/18225003/kasus_2a_18225003.zip,hasil_2a_18225003.qmd,32ae19c5187e5d356b03455254921b870d890a5ab6851ead7ae90618b2af9d83
18225003,Erin Cherryl Angela,2b,2,Elsa,K2-05,peserta/18225003/kasus_2b_18225003.zip,hasil_2b_18225003.qmd,e45e770942f80cd45ce4625940ce0d65436b46ed79c653acc4b75caa20b2387c
18225003,Erin Cherryl Angela,3a,3,Ali,K3-01,peserta/18225003/kasus_3a_18225003.zip,hasil_3a_18225003.qmd,c627252fb7d40ba925b74b36d981cce2256dcccffbc2240660fbc80507b5534e
18225003,Erin Cherryl Angela,3b,3,Dimas,K3-04,peserta/18225003/kasus_3b_18225003.zip,hasil_3b_18225003.qmd,5335192fc8fbabbfbc3e0fc427381795a5d6f595afb42fe9f0d755a9fe8377c1
18225007,Ammar Zharif Fakhrudin,1,1,Budi,K1-02,peserta/18225007/kasus_1_18225007.zip,hasil_1_18225007.qmd,bfc252a0d9ac901747731512b99df3dadb4bfaa34822afdb2fd5265791edbd4e
18225007,Ammar Zharif Fakhrudin,2a,2,Dimas,K2-04,peserta/18225007/kasus_2a_18225007.zip,hasil_2a_18225007.qmd,5bf62398b89102d55c772d5890fae0ab447438c0b5e1b466397575e6b2e76c63
18225007,Ammar Zharif Fakhrudin,2b,2,Cyntia,K2-03,peserta/18225007/kasus_2b_18225007.zip,hasil_2b_18225007.qmd,d2d8dad864e3f829ebdbf70020ebd93ddd90a87f60e00661b1ca61b9d2bd2f6d
18225007,Ammar Zharif Fakhrudin,3a,3,Elsa,K3-05,peserta/18225007/kasus_3a_18225007.zip,hasil_3a_18225007.qmd,bbb9fb05cecb666db014a0d7c1cfd8399c3a580a20bbbc7bb790de9f0f859e29
18225007,Ammar Zharif Fakhrudin,3b,3,Fajar,K3-06,peserta/18225007/kasus_3b_18225007.zip,hasil_3b_18225007.qmd,def16766a16debc61d85673fc1b1dcee5cc40b8416e28dc31955f109fafcd125
18225011,Azka Atha'Us Salam,1,1,Budi,K1-02,peserta/18225011/kasus_1_18225011.zip,hasil_1_18225011.qmd,5776eaa45cb1e09db57b6a7a997b8d3d4976605b5dae645dd97d8346dc0c16b0
18225011,Azka Atha'Us Salam,2a,2,Elsa,K2-05,peserta/18225011/kasus_2a_18225011.zip,hasil_2a_18225011.qmd,adf91f3ca3a497cad9d4633f41b8f5e5a98db3a731b80cd4cdb60c86d85ebf25
18225011,Azka Atha'Us Salam,2b,2,Ali,K2-01,peserta/18225011/kasus_2b_18225011.zip,hasil_2b_18225011.qmd,cbddf399678d91c42b0e8fb9ae8923df09aaaa0fb7f659d5de035aff34624000
18225011,Azka Atha'Us Salam,3a,3,Cyntia,K3-03,peserta/18225011/kasus_3a_18225011.zip,hasil_3a_18225011.qmd,ac5d7e69a8c1114aa796dbae5f891a1d9d0954099b06f9e09794fabfeb022f97
18225011,Azka Atha'Us Salam,3b,3,Fajar,K3-06,peserta/18225011/kasus_3b_18225011.zip,hasil_3b_18225011.qmd,a7a8f148890db382b10a53803b7080cd044c4063f4fb57055f156398d887e905
18225013,Ahmad Ibrahim Alhakim,1,1,Dimas,K1-04,peserta/18225013/kasus_1_18225013.zip,hasil_1_18225013.qmd,f9b7048940027d6948e62fd297678d86b2dec7c029b6fedcac57553d76dd774e
18225013,Ahmad Ibrahim Alhakim,2a,2,Fajar,K2-06,peserta/18225013/kasus_2a_18225013.zip,hasil_2a_18225013.qmd,3d48fd0494f1609c792359bc75e1de99e5fa98a08b4f43a872128e8ce7edb9cc
18225013,Ahmad Ibrahim Alhakim,2b,2,Ali,K2-01,peserta/18225013/kasus_2b_18225013.zip,hasil_2b_18225013.qmd,b762a078e6581c8f131dbf79445e2996a8e6af474cc7af6422e3c63869a85595
18225013,Ahmad Ibrahim Alhakim,3a,3,Ali,K3-01,peserta/18225013/kasus_3a_18225013.zip,hasil_3a_18225013.qmd,80fe7f1a9a50e0b3f242a23583683bf030162f287737288cb429d44f86b1585e
18225013,Ahmad Ibrahim Alhakim,3b,3,Budi,K3-02,peserta/18225013/kasus_3b_18225013.zip,hasil_3b_18225013.qmd,64465f726b790182c152d14c2161dfcb2265b7b7a34bda2442c89daa41093176
18225015,Nathanael Louis Cahyono,1,1,Fajar,K1-06,peserta/18225015/kasus_1_18225015.zip,hasil_1_18225015.qmd,4901fbffac450641dba72393b39f897d209ce509981e8f4d28ae3e0fe43ae32f
18225015,Nathanael Louis Cahyono,2a,2,Fajar,K2-06,peserta/18225015/kasus_2a_18225015.zip,hasil_2a_18225015.qmd,187eae0fa6c4e5633716e758694a5cd64920f8e7f983a9848f550fe8ee15b36b
18225015,Nathanael Louis Cahyono,2b,2,Elsa,K2-05,peserta/18225015/kasus_2b_18225015.zip,hasil_2b_18225015.qmd,cca82d900b9370a6ce44fea8a974cba69cb39321e960376bf29e3e8f10e1a329
18225015,Nathanael Louis Cahyono,3a,3,Ali,K3-01,peserta/18225015/kasus_3a_18225015.zip,hasil_3a_18225015.qmd,bbd1bb83fa3d0b14062e0ba06b7eec75ae750e06bf07dede231fbf2052de4671
18225015,Nathanael Louis Cahyono,3b,3,Cyntia,K3-03,peserta/18225015/kasus_3b_18225015.zip,hasil_3b_18225015.qmd,ddc237811186af8c98c47f629070ff74e92a30036e8b3f0652e7a0ac6568de86
18225017,Muhammad Aquilla Arizqy,1,1,Budi,K1-02,peserta/18225017/kasus_1_18225017.zip,hasil_1_18225017.qmd,a545714b0097f3f0c47f440ccb1951883c9996c033b9f395953817429743018d
18225017,Muhammad Aquilla Arizqy,2a,2,Ali,K2-01,peserta/18225017/kasus_2a_18225017.zip,hasil_2a_18225017.qmd,f8659449de45085680ee145e7aaf919b2c543683f1d6bf94bbf6174f754fddac
18225017,Muhammad Aquilla Arizqy,2b,2,Fajar,K2-06,peserta/18225017/kasus_2b_18225017.zip,hasil_2b_18225017.qmd,cf3c12e1f59e6da154dad055c10a52c33d7760d5a3881235e7f90df34680d7fe
18225017,Muhammad Aquilla Arizqy,3a,3,Dimas,K3-04,peserta/18225017/kasus_3a_18225017.zip,hasil_3a_18225017.qmd,330a7c0eda6cadfe7427cc25aa7faf4dedd0f2f7029e4710da5fa1387e364b81
18225017,Muhammad Aquilla Arizqy,3b,3,Budi,K3-02,peserta/18225017/kasus_3b_18225017.zip,hasil_3b_18225017.qmd,4113db8bb305d796d7179c4e5df423b147690805ee1e8c22870ade2be3056dc4
18225021,Ihsan Fadhlih Akbar,1,1,Budi,K1-02,peserta/18225021/kasus_1_18225021.zip,hasil_1_18225021.qmd,dd3a5cad67325c08f919bc188a963d4a2eec2d58c2c793913b8c3f7a35bda08c
18225021,Ihsan Fadhlih Akbar,2a,2,Elsa,K2-05,peserta/18225021/kasus_2a_18225021.zip,hasil_2a_18225021.qmd,ebd4e912634fdb32760dd56f803c2cb8aa3250fae3ba76f0f32999cdd2061c3c
18225021,Ihsan Fadhlih Akbar,2b,2,Budi,K2-02,peserta/18225021/kasus_2b_18225021.zip,hasil_2b_18225021.qmd,829bd441beb8c1db0c5361d652de9cab392c737c9f4e6723171ec79480f2160e
18225021,Ihsan Fadhlih Akbar,3a,3,Elsa,K3-05,peserta/18225021/kasus_3a_18225021.zip,hasil_3a_18225021.qmd,03bc00065fefddf4095a7f4e23a8c26070ab8fa3ffebc2c18a850f10cf5162b6
18225021,Ihsan Fadhlih Akbar,3b,3,Dimas,K3-04,peserta/18225021/kasus_3b_18225021.zip,hasil_3b_18225021.qmd,2f60cb5fd94e7978429fc146a3e897fb9ac8f39243e3be35e3e0e4634b07e49c
18225025,Rulyansyah Fajar Ramadhan,1,1,Fajar,K1-06,peserta/18225025/kasus_1_18225025.zip,hasil_1_18225025.qmd,a7bcce9a0058a3066d95ccaf69b539acd95eb1b1672efa36f00b38f18b065b25
18225025,Rulyansyah Fajar Ramadhan,2a,2,Ali,K2-01,peserta/18225025/kasus_2a_18225025.zip,hasil_2a_18225025.qmd,c3c58752e922caf2170340d3f8a8ef804f9e8a09ffbfb88b2b0268b9d1ba4ae9
18225025,Rulyansyah Fajar Ramadhan,2b,2,Dimas,K2-04,peserta/18225025/kasus_2b_18225025.zip,hasil_2b_18225025.qmd,24c3a3fda2eeb9a5a9aa8e0b1e159493952f7b6b68b7ebe6183e5d7f51ec007b
18225025,Rulyansyah Fajar Ramadhan,3a,3,Ali,K3-01,peserta/18225025/kasus_3a_18225025.zip,hasil_3a_18225025.qmd,ecbc106927ee5146a82b7417d3a28b6061075bcce2126cf1f77dc850cb88052c
18225025,Rulyansyah Fajar Ramadhan,3b,3,Dimas,K3-04,peserta/18225025/kasus_3b_18225025.zip,hasil_3b_18225025.qmd,77b2bf8bde988661dc11e4dcc83a0e44dd8859f705538f0d845f30ef54f4d40c
18225029,Fakhri Athallah Dwi Andeo,1,1,Dimas,K1-04,peserta/18225029/kasus_1_18225029.zip,hasil_1_18225029.qmd,e7793ef6f922d79750d5107a996984022ca921cf6904adc1d7aaf9c6f31e45b3
18225029,Fakhri Athallah Dwi Andeo,2a,2,Dimas,K2-04,peserta/18225029/kasus_2a_18225029.zip,hasil_2a_18225029.qmd,3999d367dce04dab17b675950e275c0fdafa926d4e1895d02cf83f092459c64a
18225029,Fakhri Athallah Dwi Andeo,2b,2,Budi,K2-02,peserta/18225029/kasus_2b_18225029.zip,hasil_2b_18225029.qmd,7f9230135fa4a1439d233ed94e046b38756a18b14db3b7945fae5ae2566ef543
18225029,Fakhri Athallah Dwi Andeo,3a,3,Fajar,K3-06,peserta/18225029/kasus_3a_18225029.zip,hasil_3a_18225029.qmd,687141494696fe9a2abfe6abca17ff514fff304e2cb6dd02b21395084a272a43
18225029,Fakhri Athallah Dwi Andeo,3b,3,Budi,K3-02,peserta/18225029/kasus_3b_18225029.zip,hasil_3b_18225029.qmd,aa1486272517d5e4fc937c3cf3b06ad25eba3205f873ec4cc89ec04b2d85a736
18225033,Faiq Fadhlul Bahri,1,1,Dimas,K1-04,peserta/18225033/kasus_1_18225033.zip,hasil_1_18225033.qmd,434f0e83f79c8b9e461fe66bfbfcf51559e1dcdbd8260fc2d966e57ae57eaf83
18225033,Faiq Fadhlul Bahri,2a,2,Fajar,K2-06,peserta/18225033/kasus_2a_18225033.zip,hasil_2a_18225033.qmd,dcfcc81657f89ddc29f99b9fd8711ac02164c627b09063e0328c54b21642e066
18225033,Faiq Fadhlul Bahri,2b,2,Budi,K2-02,peserta/18225033/kasus_2b_18225033.zip,hasil_2b_18225033.qmd,47003cad6aaba096f206af87451500acfba66c20dbde4125ec506f6803857546
18225033,Faiq Fadhlul Bahri,3a,3,Elsa,K3-05,peserta/18225033/kasus_3a_18225033.zip,hasil_3a_18225033.qmd,114e3b44ae9cebec167e175f94983afc8d50edaf9b9ada6196527d380141330b
18225033,Faiq Fadhlul Bahri,3b,3,Fajar,K3-06,peserta/18225033/kasus_3b_18225033.zip,hasil_3b_18225033.qmd,df6065446f89c2768cf92759be1759ce033f0e6a4e8c20611c1a071c43953112
18225035,Akmal Nararya Hasan,1,1,Fajar,K1-06,peserta/18225035/kasus_1_18225035.zip,hasil_1_18225035.qmd,ac3751cbcafbea9e21b8895fadb46f3977e21aff85b25b1b76d16b82e999707a
18225035,Akmal Nararya Hasan,2a,2,Cyntia,K2-03,peserta/18225035/kasus_2a_18225035.zip,hasil_2a_18225035.qmd,89b71f5cf6e08843950713a8637e3a9d799b008e99328e68afe95e6c208eff90
18225035,Akmal Nararya Hasan,2b,2,Fajar,K2-06,peserta/18225035/kasus_2b_18225035.zip,hasil_2b_18225035.qmd,f482bd168fac7cd6f50c61cec67393c9ed714a060a88dbffe7201708dd45f233
18225035,Akmal Nararya Hasan,3a,3,Elsa,K3-05,peserta/18225035/kasus_3a_18225035.zip,hasil_3a_18225035.qmd,8f032f33cffd5c75068d5d535bbdac032fab3e0b90e76c8ab0e5a0f311059a42
18225035,Akmal Nararya Hasan,3b,3,Cyntia,K3-03,peserta/18225035/kasus_3b_18225035.zip,hasil_3b_18225035.qmd,6db89afe6b4cc1b4287fae57e3ca05c9719e88d38b336b2f2ad2b17c9c2bd597
18225039,Obert Chandra,1,1,Dimas,K1-04,peserta/18225039/kasus_1_18225039.zip,hasil_1_18225039.qmd,88c0899bf5ce4b57f1db788e6ec8274b2b1df92166d9777884c88de780833c13
18225039,Obert Chandra,2a,2,Elsa,K2-05,peserta/18225039/kasus_2a_18225039.zip,hasil_2a_18225039.qmd,bb34221648e9de3a69e39f8aade580d60f877b95fdf8912150bd0c6cdb84ce3b
18225039,Obert Chandra,2b,2,Fajar,K2-06,peserta/18225039/kasus_2b_18225039.zip,hasil_2b_18225039.qmd,b46b0217f12f84acaad90dd6980bddaca6b2f9f63390bb1d4864b9aef6696139
18225039,Obert Chandra,3a,3,Budi,K3-02,peserta/18225039/kasus_3a_18225039.zip,hasil_3a_18225039.qmd,eb196255af8e6a6f5ff6b5195d77c72a8d54cc0646f7d7ffd85816b52f3380ba
18225039,Obert Chandra,3b,3,Cyntia,K3-03,peserta/18225039/kasus_3b_18225039.zip,hasil_3b_18225039.qmd,b0e957e0a01e1d367305cadb817eb632ea3e9f5d5d82857dbe01332c58e8e64f
18225041,Azka Fathiyya Haryadi,1,1,Budi,K1-02,peserta/18225041/kasus_1_18225041.zip,hasil_1_18225041.qmd,4f0e055ad5cbf953208b170a7d09cf92a0a26bebf1fd94fbd08c2b35d4b0a2b8
18225041,Azka Fathiyya Haryadi,2a,2,Dimas,K2-04,peserta/18225041/kasus_2a_18225041.zip,hasil_2a_18225041.qmd,20269a043c94ca9ef5dce652f2be3abe188ec722fe0e701d5e9e3d2598514f84
18225041,Azka Fathiyya Haryadi,2b,2,Cyntia,K2-03,peserta/18225041/kasus_2b_18225041.zip,hasil_2b_18225041.qmd,fecac943a90da8e543abb6cc6e95fa3f621e1b682a9c254048e26da3fbed973e
18225041,Azka Fathiyya Haryadi,3a,3,Fajar,K3-06,peserta/18225041/kasus_3a_18225041.zip,hasil_3a_18225041.qmd,b4c6b052557294a12da260161c39307e5c1165bf08496ec47cf4cc556cb2fc21
18225041,Azka Fathiyya Haryadi,3b,3,Budi,K3-02,peserta/18225041/kasus_3b_18225041.zip,hasil_3b_18225041.qmd,15e1bf90364d15584e9b67433955e5b7dc52f63be5f96be10c766a2024706e34
18225043,Muhammad Daffa Aprilianto,1,1,Dimas,K1-04,peserta/18225043/kasus_1_18225043.zip,hasil_1_18225043.qmd,ec674d5811e526a1d698e3f7fd237192e2a252b9c0ceb046ce6322fccadac20c
18225043,Muhammad Daffa Aprilianto,2a,2,Dimas,K2-04,peserta/18225043/kasus_2a_18225043.zip,hasil_2a_18225043.qmd,bb508030d101d78a6d3145fed2fefdd9c3e1f341081d028bcd1131f690363398
18225043,Muhammad Daffa Aprilianto,2b,2,Elsa,K2-05,peserta/18225043/kasus_2b_18225043.zip,hasil_2b_18225043.qmd,cd60c9b339cdcbbd7e7f7d6c8ebabb53f7ea652f375cafffab8636869134443a
18225043,Muhammad Daffa Aprilianto,3a,3,Cyntia,K3-03,peserta/18225043/kasus_3a_18225043.zip,hasil_3a_18225043.qmd,5c75330577bfce36baafa4500faff530324750ffb12a56c89a862982fa09ed74
18225043,Muhammad Daffa Aprilianto,3b,3,Budi,K3-02,peserta/18225043/kasus_3b_18225043.zip,hasil_3b_18225043.qmd,1b9dfc11f95a47587d38c5da6e916dacd58ea78cbd2c218ea8400dffed25df50
18225047,Rijal Kholis Al-Ausath,1,1,Budi,K1-02,peserta/18225047/kasus_1_18225047.zip,hasil_1_18225047.qmd,da84b122cdfbb5e79dacb1266b01174d649085a266a3d1c221a8b8c9c5e9112e
18225047,Rijal Kholis Al-Ausath,2a,2,Fajar,K2-06,peserta/18225047/kasus_2a_18225047.zip,hasil_2a_18225047.qmd,d5f41554fe440478eb72a37bfd4ea2243a618a62a46aeeb0d9b73797dac2369e
18225047,Rijal Kholis Al-Ausath,2b,2,Dimas,K2-04,peserta/18225047/kasus_2b_18225047.zip,hasil_2b_18225047.qmd,3ccc16367735ee77af888fb4ba7510191d620e28e35dccb19d8a82edecda4601
18225047,Rijal Kholis Al-Ausath,3a,3,Budi,K3-02,peserta/18225047/kasus_3a_18225047.zip,hasil_3a_18225047.qmd,35fdc04d7afade0f9751527ab21e8c46db7a1d011a9a4d0ce893ab9f71801d07
18225047,Rijal Kholis Al-Ausath,3b,3,Fajar,K3-06,peserta/18225047/kasus_3b_18225047.zip,hasil_3b_18225047.qmd,4505a35db6db6663dd5d5e33fed459f3a0373f302df2092ef003a1a82d00be93
18225049,Cecilia Maura Ciptami P,1,1,Dimas,K1-04,peserta/18225049/kasus_1_18225049.zip,hasil_1_18225049.qmd,4a6a04a53d36dac94bdace9603cfe995441a65fe2bc2efe1ee7bca9c8624546b
18225049,Cecilia Maura Ciptami P,2a,2,Elsa,K2-05,peserta/18225049/kasus_2a_18225049.zip,hasil_2a_18225049.qmd,beca738e58c3307d10e6c745c6acfc8d321f3ea833a0ea27bad3ce540ac38115
18225049,Cecilia Maura Ciptami P,2b,2,Budi,K2-02,peserta/18225049/kasus_2b_18225049.zip,hasil_2b_18225049.qmd,d4e1ef5c309b9e8b04d76b6b4665397d86138f3dfc820180953b477385fee637
18225049,Cecilia Maura Ciptami P,3a,3,Elsa,K3-05,peserta/18225049/kasus_3a_18225049.zip,hasil_3a_18225049.qmd,4f8f3ebd17b1aebefdc03a230d9dcb85f7f6c875d9c460214b0e4eda760a33eb
18225049,Cecilia Maura Ciptami P,3b,3,Fajar,K3-06,peserta/18225049/kasus_3b_18225049.zip,hasil_3b_18225049.qmd,b3e2ea82b05176aa97ca97ae4af7970a128f661a067582598e1261b735f6d8e2
18225051,Jevon Cleverivello Aritonang,1,1,Budi,K1-02,peserta/18225051/kasus_1_18225051.zip,hasil_1_18225051.qmd,edf7fe1eb5ffc1cfec12f52554ab37b3daa6d49a8a8a44db2d303f527358397c
18225051,Jevon Cleverivello Aritonang,2a,2,Cyntia,K2-03,peserta/18225051/kasus_2a_18225051.zip,hasil_2a_18225051.qmd,5ced3ea0b8a9e515ef0b58c0edbf020d76355e79227251aec046a13d8e9fa878
18225051,Jevon Cleverivello Aritonang,2b,2,Dimas,K2-04,peserta/18225051/kasus_2b_18225051.zip,hasil_2b_18225051.qmd,6f0ce6b79f2a2c3f7cfc58def598e405becc03d3d6c32e06fa78a5d9674cdf3c
18225051,Jevon Cleverivello Aritonang,3a,3,Dimas,K3-04,peserta/18225051/kasus_3a_18225051.zip,hasil_3a_18225051.qmd,2f5a383b4d369dc101049c6ff036b231bc893859964018a11bddeb959d2b5c2f
18225051,Jevon Cleverivello Aritonang,3b,3,Elsa,K3-05,peserta/18225051/kasus_3b_18225051.zip,hasil_3b_18225051.qmd,ee0154b4499150423e930d99850622e86b748691e3748677be4865b9eef2c36c
18225053,Muhammad Razka Adhitya,1,1,Dimas,K1-04,peserta/18225053/kasus_1_18225053.zip,hasil_1_18225053.qmd,f77c607c6b6ff92624f95d48e3b62d945a64fcb0045ad38b9fe97c489e5946c2
18225053,Muhammad Razka Adhitya,2a,2,Elsa,K2-05,peserta/18225053/kasus_2a_18225053.zip,hasil_2a_18225053.qmd,1ba668c31b90c0f752e2017cf1f41b2de6e996278cd3d14aeb723f6cc5574616
18225053,Muhammad Razka Adhitya,2b,2,Ali,K2-01,peserta/18225053/kasus_2b_18225053.zip,hasil_2b_18225053.qmd,3b34b9ae12cd8cc4abbd1d42dbac85a5e0985f0d84e735d517607f7986e6b7f3
18225053,Muhammad Razka Adhitya,3a,3,Budi,K3-02,peserta/18225053/kasus_3a_18225053.zip,hasil_3a_18225053.qmd,5579bc108dc068313b7170a00d953bde996d78244a94d6b5404357954e468f47
18225053,Muhammad Razka Adhitya,3b,3,Ali,K3-01,peserta/18225053/kasus_3b_18225053.zip,hasil_3b_18225053.qmd,2df3df3290adca2ac8e562dcf17ba9399a46ce5c02b7eabb3882e16485a94845
18225055,Dimas Nurizki Falah,1,1,Fajar,K1-06,peserta/18225055/kasus_1_18225055.zip,hasil_1_18225055.qmd,aab6f13e43173a74b7b4e2abd867babc6c18d6d75a5cc428eefe136790e99fcf
18225055,Dimas Nurizki Falah,2a,2,Elsa,K2-05,peserta/18225055/kasus_2a_18225055.zip,hasil_2a_18225055.qmd,28bd9059a9e1082b06f28b1d149532f63c7a4f78fc933cf46b400aed2265de85
18225055,Dimas Nurizki Falah,2b,2,Budi,K2-02,peserta/18225055/kasus_2b_18225055.zip,hasil_2b_18225055.qmd,db39c4850a36d2d78053bd1efdd8639f0b4e2bf07688443cbe4112ed5b10bd0d
18225055,Dimas Nurizki Falah,3a,3,Elsa,K3-05,peserta/18225055/kasus_3a_18225055.zip,hasil_3a_18225055.qmd,9db816f3121e04169d3fe27fff6706af69eab884c282c2ae8c9dc91e2b22a1c9
18225055,Dimas Nurizki Falah,3b,3,Ali,K3-01,peserta/18225055/kasus_3b_18225055.zip,hasil_3b_18225055.qmd,c595140f8d90fa9448cc7ea86eefaeeb5242de9810b88d714d2159f65e0193c8
18225057,Tio Christian Doly Silitonga,1,1,Budi,K1-02,peserta/18225057/kasus_1_18225057.zip,hasil_1_18225057.qmd,b9130376827309fb93d8157e77164abb7a8fc463b47dfb03f4bab50fac1bb453
18225057,Tio Christian Doly Silitonga,2a,2,Dimas,K2-04,peserta/18225057/kasus_2a_18225057.zip,hasil_2a_18225057.qmd,bb48eabc48273f0384a2566ee0da5089fe0dfd6d8e661f050513e23e6fe1d3f1
18225057,Tio Christian Doly Silitonga,2b,2,Ali,K2-01,peserta/18225057/kasus_2b_18225057.zip,hasil_2b_18225057.qmd,e51050387775f4f9b3302be2178dc0a87fd8b5d1fcb10313eb598a8fa651b508
18225057,Tio Christian Doly Silitonga,3a,3,Cyntia,K3-03,peserta/18225057/kasus_3a_18225057.zip,hasil_3a_18225057.qmd,5a525b021e068e19e1e67453dfee52a7bbbe4655e9ee0dbdb9e50c644b0eb933
18225057,Tio Christian Doly Silitonga,3b,3,Dimas,K3-04,peserta/18225057/kasus_3b_18225057.zip,hasil_3b_18225057.qmd,d1639fa3fd7d36cf10fb68bc0871bb9581f05a7e52a973213d45100de64ea16b
18225059,Keisha Nazla Ananta Putri,1,1,Dimas,K1-04,peserta/18225059/kasus_1_18225059.zip,hasil_1_18225059.qmd,a57ebf895adec9dab2aa0eb5f8e0ed06bde4667f06de47d671bafcb0c6277f23
18225059,Keisha Nazla Ananta Putri,2a,2,Fajar,K2-06,peserta/18225059/kasus_2a_18225059.zip,hasil_2a_18225059.qmd,6fd668908b5a2a3e2c4f34b7ffc9eb5c8a0ab7e023703d8220133ac44175fd9e
18225059,Keisha Nazla Ananta Putri,2b,2,Elsa,K2-05,peserta/18225059/kasus_2b_18225059.zip,hasil_2b_18225059.qmd,d73d1e1643b0ceba506b2c4ef90c1e7af7e5ed1101f3e9d177f8fb7a776cbb08
18225059,Keisha Nazla Ananta Putri,3a,3,Fajar,K3-06,peserta/18225059/kasus_3a_18225059.zip,hasil_3a_18225059.qmd,cfa1ebb86a17d476a3ff340304780bdea0b7f581ffd15a5e9008116f9bb8987c
18225059,Keisha Nazla Ananta Putri,3b,3,Elsa,K3-05,peserta/18225059/kasus_3b_18225059.zip,hasil_3b_18225059.qmd,2e44595c5ff6a22ecd3eaf573b1f8ef3aa8b7ffd2280aa12dd783f7d72ffc8b9
18225061,Olsen Danilson Sitohang,1,1,Budi,K1-02,peserta/18225061/kasus_1_18225061.zip,hasil_1_18225061.qmd,a4776d8f802d2532e2759d4f4a8d8ca529343c409c11d35709ee6f6d6e5fe486
18225061,Olsen Danilson Sitohang,2a,2,Fajar,K2-06,peserta/18225061/kasus_2a_18225061.zip,hasil_2a_18225061.qmd,9906b8ff65b55f1371a9d5492f6cb00a9e1661a4d3f1631f20242143b470a095
18225061,Olsen Danilson Sitohang,2b,2,Elsa,K2-05,peserta/18225061/kasus_2b_18225061.zip,hasil_2b_18225061.qmd,266150d42757c419712e6ba2f4c181dea906586def228661e0b2e2129d427f88
18225061,Olsen Danilson Sitohang,3a,3,Budi,K3-02,peserta/18225061/kasus_3a_18225061.zip,hasil_3a_18225061.qmd,4fc32e55390a24a1814f696e16ba84f9f64a1e72e6ff94bb287c90e39afbff1a
18225061,Olsen Danilson Sitohang,3b,3,Dimas,K3-04,peserta/18225061/kasus_3b_18225061.zip,hasil_3b_18225061.qmd,543db3defc720c3b9eea105e2871f4acb4b8803d9ed386d70d6f92bb30bc83fd
18225063,Eka Suci Ramadhani,1,1,Dimas,K1-04,peserta/18225063/kasus_1_18225063.zip,hasil_1_18225063.qmd,21ac14a4e13163ca804c05facb186fde337dcee73f8e9e1ad9cd115a45e08f60
18225063,Eka Suci Ramadhani,2a,2,Fajar,K2-06,peserta/18225063/kasus_2a_18225063.zip,hasil_2a_18225063.qmd,52710e6570d5948eeb6de3d2b49f57dffc0c2d2902dc3ee6685da8b1f937a1fd
18225063,Eka Suci Ramadhani,2b,2,Cyntia,K2-03,peserta/18225063/kasus_2b_18225063.zip,hasil_2b_18225063.qmd,dc54c9402509124d01f4b1bef50c1cfe6abbcc68dd476256f7051011f18acd32
18225063,Eka Suci Ramadhani,3a,3,Dimas,K3-04,peserta/18225063/kasus_3a_18225063.zip,hasil_3a_18225063.qmd,77d7e6fdc462eab449a9dd048e7ca77120fd5ff9c76f7a14cdc1e0928d07bbfe
18225063,Eka Suci Ramadhani,3b,3,Ali,K3-01,peserta/18225063/kasus_3b_18225063.zip,hasil_3b_18225063.qmd,be351342399d60aae55796bf6dbc282a184b8bc74f115eaea2f3a16d47e98b17
18225065,Sarah Christine R. Tambunan,1,1,Fajar,K1-06,peserta/18225065/kasus_1_18225065.zip,hasil_1_18225065.qmd,a2fe9c2de199a8baec96c82eed2be95e9ae37b60e0520f2b7b5f044311450731
18225065,Sarah Christine R. Tambunan,2a,2,Fajar,K2-06,peserta/18225065/kasus_2a_18225065.zip,hasil_2a_18225065.qmd,1362469712d13d7524e925a9f980d6632b8944877b927ece14c336688d72f181
18225065,Sarah Christine R. Tambunan,2b,2,Ali,K2-01,peserta/18225065/kasus_2b_18225065.zip,hasil_2b_18225065.qmd,c34285bc237803576f224e845100be94a2551f4eb89e4f04b624b1ec5a47db0d
18225065,Sarah Christine R. Tambunan,3a,3,Ali,K3-01,peserta/18225065/kasus_3a_18225065.zip,hasil_3a_18225065.qmd,e90dc9f7bc5702bcc975a19545d2f7c968da1ff2774a27f5ba9c67808873f058
18225065,Sarah Christine R. Tambunan,3b,3,Budi,K3-02,peserta/18225065/kasus_3b_18225065.zip,hasil_3b_18225065.qmd,32f023afe706add071421a9ad94d77e553d1f16067a3e2b9d11b21b73d58e269
18225067,Davin Manuel Halim,1,1,Budi,K1-02,peserta/18225067/kasus_1_18225067.zip,hasil_1_18225067.qmd,e41a278cd7a95c3575075b063f312e32f45a9430ec7e65be4479b0188013cdeb
18225067,Davin Manuel Halim,2a,2,Elsa,K2-05,peserta/18225067/kasus_2a_18225067.zip,hasil_2a_18225067.qmd,f92db2e5d0c199462e34b4d347751fe52c70f6b9b9db15cedb54689aa25c1e97
18225067,Davin Manuel Halim,2b,2,Dimas,K2-04,peserta/18225067/kasus_2b_18225067.zip,hasil_2b_18225067.qmd,ebad7f9af2530beee91b9a6f2c9bb6e370b223aab6e66f2698b940ec071c9bad
18225067,Davin Manuel Halim,3a,3,Fajar,K3-06,peserta/18225067/kasus_3a_18225067.zip,hasil_3a_18225067.qmd,f41c3d120120a35253a1e0adbdb4889cb2563bd80b617e27e43785dc8dccb1fc
18225067,Davin Manuel Halim,3b,3,Budi,K3-02,peserta/18225067/kasus_3b_18225067.zip,hasil_3b_18225067.qmd,42114932895cb40bcd8415ec0496a95cb9f516eec9267ded99426d5888c556a4
18225069,Winda Naila Nur Aisyah,1,1,Dimas,K1-04,peserta/18225069/kasus_1_18225069.zip,hasil_1_18225069.qmd,cce1825a3692f24f576ed06f5bede0e88e462cb32111094345b024fa7201c898
18225069,Winda Naila Nur Aisyah,2a,2,Elsa,K2-05,peserta/18225069/kasus_2a_18225069.zip,hasil_2a_18225069.qmd,40612c76f8d19e65db7df81c300b0174357985a105ba8a1548f99d46f0d39126
18225069,Winda Naila Nur Aisyah,2b,2,Budi,K2-02,peserta/18225069/kasus_2b_18225069.zip,hasil_2b_18225069.qmd,1fc531c16fee0a99e22a627f7864045bb03d111254a04714b2fbf73f8036d012
18225069,Winda Naila Nur Aisyah,3a,3,Ali,K3-01,peserta/18225069/kasus_3a_18225069.zip,hasil_3a_18225069.qmd,71b88536d6a4da7d86e78c6bfe17d6dbc052c6ee3bbed32914dd33a8db065b91
18225069,Winda Naila Nur Aisyah,3b,3,Budi,K3-02,peserta/18225069/kasus_3b_18225069.zip,hasil_3b_18225069.qmd,79a7255d2c108b85ea9ff15c795de0e4f39f406cbf44cdc143d4ecadde9bfa0f
18225071,Michelle Nataneilla,1,1,Budi,K1-02,peserta/18225071/kasus_1_18225071.zip,hasil_1_18225071.qmd,833b722b15a69e42f78a09d8490e8097475cedf4b6d4649a2c451cff0d462866
18225071,Michelle Nataneilla,2a,2,Budi,K2-02,peserta/18225071/kasus_2a_18225071.zip,hasil_2a_18225071.qmd,80a58b30f14029171b1ed0507a9228689cd4ed56f6a4fb65d9694bd33b614461
18225071,Michelle Nataneilla,2b,2,Fajar,K2-06,peserta/18225071/kasus_2b_18225071.zip,hasil_2b_18225071.qmd,4b6f58a20815b26a08c1e4cb516582ec2b938b9558ec1817ddc5d9fa734030e3
18225071,Michelle Nataneilla,3a,3,Ali,K3-01,peserta/18225071/kasus_3a_18225071.zip,hasil_3a_18225071.qmd,18ad95903bfb05a369c830526c093f078c0ecd443c3606ea2ba161fea9c15961
18225071,Michelle Nataneilla,3b,3,Fajar,K3-06,peserta/18225071/kasus_3b_18225071.zip,hasil_3b_18225071.qmd,05f77445abcf96766c23db454b28e0943b299e04c00621139bab9d6c14d5bf66
18225075,Davindra Rasya Nugroho,1,1,Fajar,K1-06,peserta/18225075/kasus_1_18225075.zip,hasil_1_18225075.qmd,1043f1aef131189dcccd14729e971ad549139ff4ac5e69a88dece3742d49f07c
18225075,Davindra Rasya Nugroho,2a,2,Budi,K2-02,peserta/18225075/kasus_2a_18225075.zip,hasil_2a_18225075.qmd,0c84e752b36d94b4ce9bc8a40966e6da8cce98f2e440d80f673704fa30322707
18225075,Davindra Rasya Nugroho,2b,2,Dimas,K2-04,peserta/18225075/kasus_2b_18225075.zip,hasil_2b_18225075.qmd,48c01f14a6918208ecc36c18b931e74ab5f45354fe6e2fe85003e4690681e279
18225075,Davindra Rasya Nugroho,3a,3,Fajar,K3-06,peserta/18225075/kasus_3a_18225075.zip,hasil_3a_18225075.qmd,813127a8e697b098959b9e061f027a757f11d0ecced310d57a80c60051b231e8
18225075,Davindra Rasya Nugroho,3b,3,Ali,K3-01,peserta/18225075/kasus_3b_18225075.zip,hasil_3b_18225075.qmd,37caf659fa208ae9d49a98cb63c48e3a5da9a98f9932cdfe349ad217a7098f90
18225077,Aqila Zahra Athaya,1,1,Budi,K1-02,peserta/18225077/kasus_1_18225077.zip,hasil_1_18225077.qmd,79f9885bca3b77abaf6175332697daec6ad8eacbb71b8a21182851e03f5833ea
18225077,Aqila Zahra Athaya,2a,2,Ali,K2-01,peserta/18225077/kasus_2a_18225077.zip,hasil_2a_18225077.qmd,3200bf59f4c0faf231af26e8a075e371869afb63afbbc09164ef477119a44132
18225077,Aqila Zahra Athaya,2b,2,Elsa,K2-05,peserta/18225077/kasus_2b_18225077.zip,hasil_2b_18225077.qmd,5e6f5c62159f152be6c55c65aa2342eaa455d5ea6016c5368f9a0dd25bf1d6a2
18225077,Aqila Zahra Athaya,3a,3,Elsa,K3-05,peserta/18225077/kasus_3a_18225077.zip,hasil_3a_18225077.qmd,85441ba4213edd231044e48203469b3ff76724af64fed832d0d0272e3febf239
18225077,Aqila Zahra Athaya,3b,3,Ali,K3-01,peserta/18225077/kasus_3b_18225077.zip,hasil_3b_18225077.qmd,983a92281898bf049cf3692fd821a883fcd246871ac05208de96e57cb7d293bd
18225081,Owen Reyhan Martua Pasaribu,1,1,Budi,K1-02,peserta/18225081/kasus_1_18225081.zip,hasil_1_18225081.qmd,7bd67876c70bc05be5df9a5f48d933dde87b8998c16a46b238885fc8d1289fb3
18225081,Owen Reyhan Martua Pasaribu,2a,2,Cyntia,K2-03,peserta/18225081/kasus_2a_18225081.zip,hasil_2a_18225081.qmd,9ad8b255a411cd748b12e68016b2cbde2ad9a9a99f560c12584b80fa5273e936
18225081,Owen Reyhan Martua Pasaribu,2b,2,Ali,K2-01,peserta/18225081/kasus_2b_18225081.zip,hasil_2b_18225081.qmd,69be5469abf4966e9953f61b7e9afba252e53e83473d5966a636eed66ae714a5
18225081,Owen Reyhan Martua Pasaribu,3a,3,Budi,K3-02,peserta/18225081/kasus_3a_18225081.zip,hasil_3a_18225081.qmd,cbaf3c57ddbb2b33293326aebdee453ee2ccce2ea44b95b1ee608e80f7f34b3a
18225081,Owen Reyhan Martua Pasaribu,3b,3,Elsa,K3-05,peserta/18225081/kasus_3b_18225081.zip,hasil_3b_18225081.qmd,84fde4879692fd0ef3c98570a1b1350d57bc0f165a2afef19e0250779afb52ff
18225085,Muhammad Faisal Ramadhan,1,1,Fajar,K1-06,peserta/18225085/kasus_1_18225085.zip,hasil_1_18225085.qmd,a0e8b9cea529b0330dd4bfe2ea787a9983000926cf233fe66a32852aaf4bc28c
18225085,Muhammad Faisal Ramadhan,2a,2,Fajar,K2-06,peserta/18225085/kasus_2a_18225085.zip,hasil_2a_18225085.qmd,d9d733c924813e56895f5276e2a918c16e05f25de8e4cc4cd7fc8b4168880b73
18225085,Muhammad Faisal Ramadhan,2b,2,Budi,K2-02,peserta/18225085/kasus_2b_18225085.zip,hasil_2b_18225085.qmd,1b128048d806ac4027e64300402db127b492545f7fa12d0e9b46ebc0e7bc4be6
18225085,Muhammad Faisal Ramadhan,3a,3,Fajar,K3-06,peserta/18225085/kasus_3a_18225085.zip,hasil_3a_18225085.qmd,5003ea85a1247f5fc8e3946561c8cd16dda9be15378e719352aa05c16db389d7
18225085,Muhammad Faisal Ramadhan,3b,3,Cyntia,K3-03,peserta/18225085/kasus_3b_18225085.zip,hasil_3b_18225085.qmd,d4434cef5d924b3637974658c4fa5654ccebb4f1000c8b49e8a74ad534fbb6ee
18225087,Muhammad Nabil Aizar Ramadhan,1,1,Budi,K1-02,peserta/18225087/kasus_1_18225087.zip,hasil_1_18225087.qmd,2d7090f0259e007e96cff84f23a0d56af19fed116132ee6a65e8f1f677981554
18225087,Muhammad Nabil Aizar Ramadhan,2a,2,Budi,K2-02,peserta/18225087/kasus_2a_18225087.zip,hasil_2a_18225087.qmd,ffc163e1fa9dd8bd3e1036f0d376acce56c0faca329a0f9e036b7083558d5f9a
18225087,Muhammad Nabil Aizar Ramadhan,2b,2,Fajar,K2-06,peserta/18225087/kasus_2b_18225087.zip,hasil_2b_18225087.qmd,a79b78f74891a726b9b42e0c8ab45e6b0729bd5b75b110fe226ab2de36809a03
18225087,Muhammad Nabil Aizar Ramadhan,3a,3,Dimas,K3-04,peserta/18225087/kasus_3a_18225087.zip,hasil_3a_18225087.qmd,7a7997e6f58f7936f6155e419331532e3ef73999dc75619b80b42d5fabcedf60
18225087,Muhammad Nabil Aizar Ramadhan,3b,3,Budi,K3-02,peserta/18225087/kasus_3b_18225087.zip,hasil_3b_18225087.qmd,70c96f1586089d75ca8d751a71282fe7c3f0d46690ce0345b21b72457f60d8aa
18225091,Muhammad Orkhan,1,1,Budi,K1-02,peserta/18225091/kasus_1_18225091.zip,hasil_1_18225091.qmd,319261b9fd8ebbeeaad230d84923982e0a39cc48831bcde3aa1f748ee24cc282
18225091,Muhammad Orkhan,2a,2,Cyntia,K2-03,peserta/18225091/kasus_2a_18225091.zip,hasil_2a_18225091.qmd,d55dad101033279f12003a111f7897ad230ffd814bc8004b6481847740dec5ab
18225091,Muhammad Orkhan,2b,2,Fajar,K2-06,peserta/18225091/kasus_2b_18225091.zip,hasil_2b_18225091.qmd,4351dfb53ab44323301f606dd6563ec1ac876019dcca9f3b8dc1435c8ccceacf
18225091,Muhammad Orkhan,3a,3,Ali,K3-01,peserta/18225091/kasus_3a_18225091.zip,hasil_3a_18225091.qmd,04d93bb74c3790f2d0fdd85b4ce09de0421fe0998428c43a5d1797548d2a9712
18225091,Muhammad Orkhan,3b,3,Dimas,K3-04,peserta/18225091/kasus_3b_18225091.zip,hasil_3b_18225091.qmd,c573300434432f34f0026578508006c316e2f14328991e5f0b97a23258d7aba2
18225093,Agastya Tristan Dhaniswara,1,1,Dimas,K1-04,peserta/18225093/kasus_1_18225093.zip,hasil_1_18225093.qmd,373d8aa357286a2be05d442373bf2834294cbea07394d1332d97744823f3ef98
18225093,Agastya Tristan Dhaniswara,2a,2,Fajar,K2-06,peserta/18225093/kasus_2a_18225093.zip,hasil_2a_18225093.qmd,a4b7425e73df75ce3a412c66e9f78760c8ff510302867a2727f660c3bf18249e
18225093,Agastya Tristan Dhaniswara,2b,2,Ali,K2-01,peserta/18225093/kasus_2b_18225093.zip,hasil_2b_18225093.qmd,fa3981328d12f02ae555592f1821f22b05accff66e46387a2aa1f6e6dec9f620
18225093,Agastya Tristan Dhaniswara,3a,3,Dimas,K3-04,peserta/18225093/kasus_3a_18225093.zip,hasil_3a_18225093.qmd,b50650c24355995e9ecc780a6b780b01ffe418811644d78479b76238b4991d0a
18225093,Agastya Tristan Dhaniswara,3b,3,Ali,K3-01,peserta/18225093/kasus_3b_18225093.zip,hasil_3b_18225093.qmd,41881dd0295224cd64d208d1804a666d6986c817afcb583f226bde1006df8389
18225095,Tirta Wening Putri Harsono,1,1,Fajar,K1-06,peserta/18225095/kasus_1_18225095.zip,hasil_1_18225095.qmd,f5d6994666f4b8a7776c32a0028533d8f2532d7574f877a2baf29fc37138bb5c
18225095,Tirta Wening Putri Harsono,2a,2,Cyntia,K2-03,peserta/18225095/kasus_2a_18225095.zip,hasil_2a_18225095.qmd,3329f5b4fcdfc78c96901439a400b643c71c0448ce6968de4582cbc46b9e3723
18225095,Tirta Wening Putri Harsono,2b,2,Ali,K2-01,peserta/18225095/kasus_2b_18225095.zip,hasil_2b_18225095.qmd,e9251104b75827163b24b14ebabdcd24e798ceec6a1dc3eebd14d9a48df021bc
18225095,Tirta Wening Putri Harsono,3a,3,Ali,K3-01,peserta/18225095/kasus_3a_18225095.zip,hasil_3a_18225095.qmd,133ed57ac89f76959770e5f72c82924898da2f77bd0418e844b7b4404ab307d1
18225095,Tirta Wening Putri Harsono,3b,3,Fajar,K3-06,peserta/18225095/kasus_3b_18225095.zip,hasil_3b_18225095.qmd,77a161dcbb34b1edd9c9ce4be16eb3e5cfdbeb8dd5d8402d90b66f691649dad9
18225097,Fayza Kamilia,1,1,Budi,K1-02,peserta/18225097/kasus_1_18225097.zip,hasil_1_18225097.qmd,c8b55d15dd2c060443dd24c9edb771d42029975cb6e17e4c4ceb9a2cdd097155
18225097,Fayza Kamilia,2a,2,Ali,K2-01,peserta/18225097/kasus_2a_18225097.zip,hasil_2a_18225097.qmd,5c5b256ce26d6aa945fac0a2c8e62dd5ac60adf605d9cd5c8a121447f934f396
18225097,Fayza Kamilia,2b,2,Elsa,K2-05,peserta/18225097/kasus_2b_18225097.zip,hasil_2b_18225097.qmd,80316d85e65b49cc5678529a2a77631307d6acd8ea24633b1c50b1523fda2560
18225097,Fayza Kamilia,3a,3,Fajar,K3-06,peserta/18225097/kasus_3a_18225097.zip,hasil_3a_18225097.qmd,9ace9e464d95e0e1cb0cec209078b1aedebcfe946e155e2267e59fbbf03a9e4f
18225097,Fayza Kamilia,3b,3,Cyntia,K3-03,peserta/18225097/kasus_3b_18225097.zip,hasil_3b_18225097.qmd,75b266fcc08ed8d81b1d39738730a5d005b6b463a39f97623088652e996bcf98
18225099,Lana Dzakira Cahyadi,1,1,Dimas,K1-04,peserta/18225099/kasus_1_18225099.zip,hasil_1_18225099.qmd,6f823805b66f3c2979519fe9bdadf664dc174123bdf7d6ca263e9a8b7101cbb6
18225099,Lana Dzakira Cahyadi,2a,2,Ali,K2-01,peserta/18225099/kasus_2a_18225099.zip,hasil_2a_18225099.qmd,569148b97dd39671dea8a078e4f1db78c25c40484e3416b7a29bc122f9898abc
18225099,Lana Dzakira Cahyadi,2b,2,Cyntia,K2-03,peserta/18225099/kasus_2b_18225099.zip,hasil_2b_18225099.qmd,418ea49ea92931627521472b5dccae7055381811173f85cfbc151887afe7f07b
18225099,Lana Dzakira Cahyadi,3a,3,Budi,K3-02,peserta/18225099/kasus_3a_18225099.zip,hasil_3a_18225099.qmd,611790805f72533f928829004ca90a2ba0636a6dd6b89a2d8d9792b039e79c46
18225099,Lana Dzakira Cahyadi,3b,3,Cyntia,K3-03,peserta/18225099/kasus_3b_18225099.zip,hasil_3b_18225099.qmd,09a2f985254588717f517a600828225ab40bc1974601d9ebe7bb97b0ff74f021
18225101,Natasha Aurellia,1,1,Budi,K1-02,peserta/18225101/kasus_1_18225101.zip,hasil_1_18225101.qmd,4e25ac2f202ca72e595ee07d21fc6f597f6c1a18b4575dd7cc0ef00eb60ca938
18225101,Natasha Aurellia,2a,2,Elsa,K2-05,peserta/18225101/kasus_2a_18225101.zip,hasil_2a_18225101.qmd,83aad355ecb27afa5ddbfc1f0819659b26618a720b8fa6a6f3e3d840f75c09b2
18225101,Natasha Aurellia,2b,2,Cyntia,K2-03,peserta/18225101/kasus_2b_18225101.zip,hasil_2b_18225101.qmd,6de97526954c9d8f335dd82e7e4547a9269f479dc29e44e7759e8c0ceaa60e1c
18225101,Natasha Aurellia,3a,3,Budi,K3-02,peserta/18225101/kasus_3a_18225101.zip,hasil_3a_18225101.qmd,91266147feb6ca60c88f6551a47ada1fc1ce5e05c47806afb920b21ce20775ba
18225101,Natasha Aurellia,3b,3,Fajar,K3-06,peserta/18225101/kasus_3b_18225101.zip,hasil_3b_18225101.qmd,c20a1e870c1416d98cd31945b275c7044aa8cb5201f7eebca28f270690e92f18
18225103,Muhammad Rizqi Azhar,1,1,Dimas,K1-04,peserta/18225103/kasus_1_18225103.zip,hasil_1_18225103.qmd,3edeedf05b4b6847d6a2fd1c524afb4c05e383df50607c2c0fc53ee0dde15da9
18225103,Muhammad Rizqi Azhar,2a,2,Cyntia,K2-03,peserta/18225103/kasus_2a_18225103.zip,hasil_2a_18225103.qmd,0d0a179abb31b58f972aa7bdf97fc7d73039491d80d8460152e5aec42e9a80bc
18225103,Muhammad Rizqi Azhar,2b,2,Fajar,K2-06,peserta/18225103/kasus_2b_18225103.zip,hasil_2b_18225103.qmd,67f9a43bbb225b69dbe290f9c3480daed2224dd04db34be7d3c92d2febac7e6a
18225103,Muhammad Rizqi Azhar,3a,3,Budi,K3-02,peserta/18225103/kasus_3a_18225103.zip,hasil_3a_18225103.qmd,9ae896ac78e8188ce0045e990f418bd237dd061eb3a7d9913a43feb6bd7d32b6
18225103,Muhammad Rizqi Azhar,3b,3,Fajar,K3-06,peserta/18225103/kasus_3b_18225103.zip,hasil_3b_18225103.qmd,a4810036904285e358a5bb0e309179a62062471f0d13daf2262098a4390ff409
18225107,Muhammad Kafka Ghaisan Yusuf,1,1,Budi,K1-02,peserta/18225107/kasus_1_18225107.zip,hasil_1_18225107.qmd,ed7b474481d7fda17122bb8c863229994397d9e78aba9fc31a6f03876b16c7f8
18225107,Muhammad Kafka Ghaisan Yusuf,2a,2,Ali,K2-01,peserta/18225107/kasus_2a_18225107.zip,hasil_2a_18225107.qmd,44477da314108cb797a6fc681ef7603bbffe7bb7a6fc0d5872552ac9049490a3
18225107,Muhammad Kafka Ghaisan Yusuf,2b,2,Budi,K2-02,peserta/18225107/kasus_2b_18225107.zip,hasil_2b_18225107.qmd,ffd87c538b0944c936d4443fbca65d6cee13b3b4fd090c78c7ce9fefa763d9b2
18225107,Muhammad Kafka Ghaisan Yusuf,3a,3,Cyntia,K3-03,peserta/18225107/kasus_3a_18225107.zip,hasil_3a_18225107.qmd,2345eaa1da9c45deea9784fd5b347c5e67217002b4025fc93995e174329a94a7
18225107,Muhammad Kafka Ghaisan Yusuf,3b,3,Ali,K3-01,peserta/18225107/kasus_3b_18225107.zip,hasil_3b_18225107.qmd,bd53a56a1c14fd32b8d488e1ad36df7480b755d5be6a136a0c44f54b8e731b80
18225113,Naufal Rasya,1,1,Dimas,K1-04,peserta/18225113/kasus_1_18225113.zip,hasil_1_18225113.qmd,f7a2b36336644c847f559d0da4ca974e81c879ff8a8ff39c57ec7526f4c8e9a6
18225113,Naufal Rasya,2a,2,Elsa,K2-05,peserta/18225113/kasus_2a_18225113.zip,hasil_2a_18225113.qmd,7db19915c50f77b9a73e2f196db20f9d56851dcf7acfbfceac6043a600abd5c5
18225113,Naufal Rasya,2b,2,Ali,K2-01,peserta/18225113/kasus_2b_18225113.zip,hasil_2b_18225113.qmd,ccd43069c7419926fc5ffc8f184675b344fd82a0bc0d74f838bd7fd5a714e6e4
18225113,Naufal Rasya,3a,3,Ali,K3-01,peserta/18225113/kasus_3a_18225113.zip,hasil_3a_18225113.qmd,4f781dd38c405c27586665d4fc427a87a58e7c7597533113a884696f09d6d05f
18225113,Naufal Rasya,3b,3,Budi,K3-02,peserta/18225113/kasus_3b_18225113.zip,hasil_3b_18225113.qmd,4803d9b521517c2bf3697310f22c2330c8adc33ddd9d4fd278f3ca44fa529e71
18225117,Omerio Orlando Manalu,1,1,Budi,K1-02,peserta/18225117/kasus_1_18225117.zip,hasil_1_18225117.qmd,484b3f46ac0152076f7c9889ce06312cd18075ff9726d5dce2f55998ce11509f
18225117,Omerio Orlando Manalu,2a,2,Ali,K2-01,peserta/18225117/kasus_2a_18225117.zip,hasil_2a_18225117.qmd,7c1bcf4f1497bf6b9ba037dadbc314acb844191ef430dcef0b46616706b92724
18225117,Omerio Orlando Manalu,2b,2,Budi,K2-02,peserta/18225117/kasus_2b_18225117.zip,hasil_2b_18225117.qmd,6f382c668afb21fd755f36502074f5120019fadd684f0b96029fced86107a0e8
18225117,Omerio Orlando Manalu,3a,3,Elsa,K3-05,peserta/18225117/kasus_3a_18225117.zip,hasil_3a_18225117.qmd,782e1f83890983c3deabd3a5c08781c4a863be1d4516b9b9d15f17e998a9daf4
18225117,Omerio Orlando Manalu,3b,3,Cyntia,K3-03,peserta/18225117/kasus_3b_18225117.zip,hasil_3b_18225117.qmd,fa0780a0df7b4c99160b8adaff50efcc85f76e7df11f0748e4584b9787573994
07381119,Ali Baba,1,1,Dimas,K1-04,peserta/07381119/kasus_1_07381119.zip,hasil_1_07381119.qmd,3f09337400f985671cb088808cc17b7fc8d7d24792e270aa7e3db0383d26aa87
07381119,Ali Baba,2a,2,Dimas,K2-04,peserta/07381119/kasus_2a_07381119.zip,hasil_2a_07381119.qmd,584981dc7e3f5c72f8c4726b3553082e196fb03be1677f2be0d05963e5b37df5
07381119,Ali Baba,2b,2,Elsa,K2-05,peserta/07381119/kasus_2b_07381119.zip,hasil_2b_07381119.qmd,c01a7859b560e5219ad6a5e4fb7be4475def0c15c7b276048e69b3ffb9261fc6
07381119,Ali Baba,3a,3,Ali,K3-01,peserta/07381119/kasus_3a_07381119.zip,hasil_3a_07381119.qmd,05bb15bcf386331e039341638786a7a57f8c6592f6145149f24a1f457ae321f7
07381119,Ali Baba,3b,3,Budi,K3-02,peserta/07381119/kasus_3b_07381119.zip,hasil_3b_07381119.qmd,e89418b9b5fe2e8bd5a1b64c1a5778577924e750a3d105b9e278f4e110103cb7
73811190,Armein Z. R. Langi,1,1,Ali,K1-01,peserta/73811190/kasus_1_73811190.zip,hasil_1_73811190.qmd,f83322073b526a266165aef76a210e575b97e601a3e005b2a5ac8f2ee39cc616
73811190,Armein Z. R. Langi,2a,2,Budi,K2-02,peserta/73811190/kasus_2a_73811190.zip,hasil_2a_73811190.qmd,15ffa91da69cf494573831d3a9b50d1af9b7d6f3cabe82c6945115f35baf6a82
73811190,Armein Z. R. Langi,2b,2,Elsa,K2-05,peserta/73811190/kasus_2b_73811190.zip,hasil_2b_73811190.qmd,ec9ce72a41fca941f1da93f26087a17c6fd3a531d66fcb8806364d18d515898e
73811190,Armein Z. R. Langi,3a,3,Ali,K3-01,peserta/73811190/kasus_3a_73811190.zip,hasil_3a_73811190.qmd,6c77faeb4a49db4b785e3c3d4a236f325ea84cc5c2ec9a60a52f5785d068f0d1
73811190,Armein Z. R. Langi,3b,3,Cyntia,K3-03,peserta/73811190/kasus_3b_73811190.zip,hasil_3b_73811190.qmd,9dcff506f20ae7f0f09b576ee9fb9b8a6fc1a27b5216e658cb04bb1bb8dd5484
18222041,Kezia Caren Cahyadi,1,1,Budi,K1-02,peserta/18222041/kasus_1_18222041.zip,hasil_1_18222041.qmd,1b772b0816fdf42134f35d5e57d88176ee821fb70907c532fe49cb03d070cbfc
18222041,Kezia Caren Cahyadi,2a,2,Fajar,K2-06,peserta/18222041/kasus_2a_18222041.zip,hasil_2a_18222041.qmd,6402fdc15c5def8434b30c645d9d363bbe65c705dcdaa1ecca27a7ae2ef0bb91
18222041,Kezia Caren Cahyadi,2b,2,Ali,K2-01,peserta/18222041/kasus_2b_18222041.zip,hasil_2b_18222041.qmd,5492badb899679b3ec106fc2aace72693fecb8dd4275db96af4977a458721f06
18222041,Kezia Caren Cahyadi,3a,3,Budi,K3-02,peserta/18222041/kasus_3a_18222041.zip,hasil_3a_18222041.qmd,6c111cd54d91efeb5ac510a17a47c7c8981b5819c32aeda82a08204cbe4de67e
18222041,Kezia Caren Cahyadi,3b,3,Dimas,K3-04,peserta/18222041/kasus_3b_18222041.zip,hasil_3b_18222041.qmd,57ef43b9062d482bb9203b4573b56a887e9589b930cb87da4c7cddb643db262e
18223103,Muhammad Dhafin Faidhulhaq,1,1,Dimas,K1-04,peserta/18223103/kasus_1_18223103.zip,hasil_1_18223103.qmd,5d0f666e6d1ee8764f0b6c71a42c175ad361d4b8380576d992c36f6dfe740bb3
18223103,Muhammad Dhafin Faidhulhaq,2a,2,Ali,K2-01,peserta/18223103/kasus_2a_18223103.zip,hasil_2a_18223103.qmd,54c91b24729f8be9b9320d4c1bed1f366db2df7ed2e17363d1235e1963b9ba8c
18223103,Muhammad Dhafin Faidhulhaq,2b,2,Dimas,K2-04,peserta/18223103/kasus_2b_18223103.zip,hasil_2b_18223103.qmd,4f15f5bb5b796e138a640ba2d0da2258e317a1ea666692a162ed1bedcf69a89f
18223103,Muhammad Dhafin Faidhulhaq,3a,3,Cyntia,K3-03,peserta/18223103/kasus_3a_18223103.zip,hasil_3a_18223103.qmd,b38860b7fbbe42d31e926a56c9ae4acb2bda3b53006299f68c8623f544196fc3
18223103,Muhammad Dhafin Faidhulhaq,3b,3,Ali,K3-01,peserta/18223103/kasus_3b_18223103.zip,hasil_3b_18223103.qmd,4eea35fedca319e735c714c9978a1cb81857e7d3b5d124aa22a4dad98e39aa02
18225005,Virdhi Yastana Buma,1,1,Fajar,K1-06,peserta/18225005/kasus_1_18225005.zip,hasil_1_18225005.qmd,607b494daca52b5272dada8dc533d067447173885c7fa9b1f782b0f10739d2a3
18225005,Virdhi Yastana Buma,2a,2,Elsa,K2-05,peserta/18225005/kasus_2a_18225005.zip,hasil_2a_18225005.qmd,f6c87f55fdb556af8fa7062b5cd380a3a018f9f17af0ab1387d0651fe6e2f301
18225005,Virdhi Yastana Buma,2b,2,Cyntia,K2-03,peserta/18225005/kasus_2b_18225005.zip,hasil_2b_18225005.qmd,524a86533e7512ca26fa6b490bfe5fe44576b4cc59b7a1afe4ca78b867bc97ae
18225005,Virdhi Yastana Buma,3a,3,Elsa,K3-05,peserta/18225005/kasus_3a_18225005.zip,hasil_3a_18225005.qmd,903b3097efedc910e8d7a60f0068454b83784d975650e6f530c6ad1843514d2d
18225005,Virdhi Yastana Buma,3b,3,Fajar,K3-06,peserta/18225005/kasus_3b_18225005.zip,hasil_3b_18225005.qmd,c1f46f35404e6c1f0c5ff5375b75e54cdd4c1b2f7dca4f6bd76d1d4f1cca15e9
18225019,Fathir Mulya Gibran,1,1,Dimas,K1-04,peserta/18225019/kasus_1_18225019.zip,hasil_1_18225019.qmd,a154905c3850a32c20e19c2f99ee2f3fc3c0435de708fb7968c8df71671b0748
18225019,Fathir Mulya Gibran,2a,2,Ali,K2-01,peserta/18225019/kasus_2a_18225019.zip,hasil_2a_18225019.qmd,7090c0fd254b5fb5c255e2fe17b5587a62b51a5a38211b5ae0bf4c1f0005df00
18225019,Fathir Mulya Gibran,2b,2,Budi,K2-02,peserta/18225019/kasus_2b_18225019.zip,hasil_2b_18225019.qmd,33a069474b6a7ed8a03d7ce6cf839ee52864d334e3871be72ee91bae38956cb5
18225019,Fathir Mulya Gibran,3a,3,Ali,K3-01,peserta/18225019/kasus_3a_18225019.zip,hasil_3a_18225019.qmd,2c445528bb69d164b77647dd90e02c26d40ff77e6edddd112c2000c1c3a623ef
18225019,Fathir Mulya Gibran,3b,3,Cyntia,K3-03,peserta/18225019/kasus_3b_18225019.zip,hasil_3b_18225019.qmd,c2b90714f0e7010213206631d6da2a4644a618e2e52f06b8af1741e3515f941b
18225023,Maximillian Jose Andreas A,1,1,Dimas,K1-04,peserta/18225023/kasus_1_18225023.zip,hasil_1_18225023.qmd,28c68b9e0457b6f03ef2d53b90c9da809df6d05f9dbfe5f89fbc35408e7c620c
18225023,Maximillian Jose Andreas A,2a,2,Dimas,K2-04,peserta/18225023/kasus_2a_18225023.zip,hasil_2a_18225023.qmd,1381ad82b5321fb70921fc4b9799f7603470c47dec7d252d92f573d29ecb9faa
18225023,Maximillian Jose Andreas A,2b,2,Elsa,K2-05,peserta/18225023/kasus_2b_18225023.zip,hasil_2b_18225023.qmd,61dcb2d1f538a1bf74707e8bd2cf579ed9d5509ca9ebb56b93816b5a47891e51
18225023,Maximillian Jose Andreas A,3a,3,Elsa,K3-05,peserta/18225023/kasus_3a_18225023.zip,hasil_3a_18225023.qmd,bc381591c20de694d2644e0d5611ba2923759c08b7747d080de38fdbb5d2b9e5
18225023,Maximillian Jose Andreas A,3b,3,Cyntia,K3-03,peserta/18225023/kasus_3b_18225023.zip,hasil_3b_18225023.qmd,a8eb0d714578dccbd100cde4c01c7ea10d76615538a263bdc696bdde759a90c7
18225027,Pelangi Putri Sanyoto,1,1,Budi,K1-02,peserta/18225027/kasus_1_18225027.zip,hasil_1_18225027.qmd,b10d714561fb4adca3dda3bfdd50a35e32ee702d6e8e206ce52ea1bb8927183c
18225027,Pelangi Putri Sanyoto,2a,2,Elsa,K2-05,peserta/18225027/kasus_2a_18225027.zip,hasil_2a_18225027.qmd,f94af82c78287a729bf93b5263ccbe39b1de0034a483ef9e8064918fea5bed3e
18225027,Pelangi Putri Sanyoto,2b,2,Ali,K2-01,peserta/18225027/kasus_2b_18225027.zip,hasil_2b_18225027.qmd,197defc98940d97dacec67c7dd6fa18ce10c3dd0d7f0204c299d541027385538
18225027,Pelangi Putri Sanyoto,3a,3,Fajar,K3-06,peserta/18225027/kasus_3a_18225027.zip,hasil_3a_18225027.qmd,3b36d8d470e7406e09f262c9991ec5de7b3ccaab96add98c26a19b7564f0986e
18225027,Pelangi Putri Sanyoto,3b,3,Budi,K3-02,peserta/18225027/kasus_3b_18225027.zip,hasil_3b_18225027.qmd,8793e5357351b86ebfe8e8079b16ce1e8dc638e474c180a53d4c164de39c8add
18225037,Ragawa Bhramastya Aquila S,1,1,Budi,K1-02,peserta/18225037/kasus_1_18225037.zip,hasil_1_18225037.qmd,dc5c727c6ef9fb7681f4b59ac989f092e704657ef9d47d103d924bd642edb9c1
18225037,Ragawa Bhramastya Aquila S,2a,2,Fajar,K2-06,peserta/18225037/kasus_2a_18225037.zip,hasil_2a_18225037.qmd,ba25954dd3d77088ab8848acbf9dbce4a798fddee0d5e420dfd236b4ec8d1725
18225037,Ragawa Bhramastya Aquila S,2b,2,Cyntia,K2-03,peserta/18225037/kasus_2b_18225037.zip,hasil_2b_18225037.qmd,e2934567978e8713389a7fb5d0f4927a76066c253ca1be0996d967fd3ccac066
18225037,Ragawa Bhramastya Aquila S,3a,3,Budi,K3-02,peserta/18225037/kasus_3a_18225037.zip,hasil_3a_18225037.qmd,7633b92cea4cab21e21c1371d7bb2d91968cccb6ec18dd9add33dc6fafbb453c
18225037,Ragawa Bhramastya Aquila S,3b,3,Dimas,K3-04,peserta/18225037/kasus_3b_18225037.zip,hasil_3b_18225037.qmd,660d40f493d94a0a2bbbf3c4e67865079428b5452a13d83d83578930b9f982dc
18225045,Tristan Anthony Wijaya,1,1,Fajar,K1-06,peserta/18225045/kasus_1_18225045.zip,hasil_1_18225045.qmd,21c5fd7396fd283d9fe41ad7a77196fea26cf595c23e933976570ee141c8652c
18225045,Tristan Anthony Wijaya,2a,2,Elsa,K2-05,peserta/18225045/kasus_2a_18225045.zip,hasil_2a_18225045.qmd,21e2d1c4d189e43545a5d8bfe3920bc19af6074ab605f02669e64c88762a61ab
18225045,Tristan Anthony Wijaya,2b,2,Ali,K2-01,peserta/18225045/kasus_2b_18225045.zip,hasil_2b_18225045.qmd,2a2d2435ae97ffe62434fd7cd191f76ac6375c67f87bb35b14807ab5c06cb5e9
18225045,Tristan Anthony Wijaya,3a,3,Fajar,K3-06,peserta/18225045/kasus_3a_18225045.zip,hasil_3a_18225045.qmd,7c43f4924ea25da424460a0f08c3d5030504db73cf95eba0d5ea18ce7228b7cf
18225045,Tristan Anthony Wijaya,3b,3,Elsa,K3-05,peserta/18225045/kasus_3b_18225045.zip,hasil_3b_18225045.qmd,0f708015c8ced1a6de6d225071dff2c3b6c4a5bdd2af389c1ea58a67bd63897d
18225073,Sabrina Aurelyn Sibarani,1,1,Dimas,K1-04,peserta/18225073/kasus_1_18225073.zip,hasil_1_18225073.qmd,14e35a56b667a0b551d9c17e259af1d3c3d931fecf2c6ebfbf2f0f10fa39ba78
18225073,Sabrina Aurelyn Sibarani,2a,2,Dimas,K2-04,peserta/18225073/kasus_2a_18225073.zip,hasil_2a_18225073.qmd,bb557e6b44b78f18c381abb2f208685d3e2cd49c2ee7867315bafa8811eb12f1
18225073,Sabrina Aurelyn Sibarani,2b,2,Cyntia,K2-03,peserta/18225073/kasus_2b_18225073.zip,hasil_2b_18225073.qmd,e83d007ebc96fc1592a331bfb4d319b74a867ad9c71ed868533ddec9120681ec
18225073,Sabrina Aurelyn Sibarani,3a,3,Budi,K3-02,peserta/18225073/kasus_3a_18225073.zip,hasil_3a_18225073.qmd,d3c42bc744675c35ff34447c89b7e39064acc76d136340619392febbcbebf63a
18225073,Sabrina Aurelyn Sibarani,3b,3,Dimas,K3-04,peserta/18225073/kasus_3b_18225073.zip,hasil_3b_18225073.qmd,3a0e9d47e58b3d0e0f9d39bf5667473b853cf91af424c472ecae201f381561e1
18225079,Grasella,1,1,Dimas,K1-04,peserta/18225079/kasus_1_18225079.zip,hasil_1_18225079.qmd,e369ab32b3ea71861074f46019cef06578aad71be6c4c62a4ebb44ec7b92cbe8
18225079,Grasella,2a,2,Budi,K2-02,peserta/18225079/kasus_2a_18225079.zip,hasil_2a_18225079.qmd,45ab21ea1d54058326d31eef8487a7bf6a6a8b9b04d8e8ecbfb8e92834a1f249
18225079,Grasella,2b,2,Elsa,K2-05,peserta/18225079/kasus_2b_18225079.zip,hasil_2b_18225079.qmd,8b35e2a6af5323f7ab1c291560997eb5efd1799d29e40db76ebfd25ff7366b0a
18225079,Grasella,3a,3,Fajar,K3-06,peserta/18225079/kasus_3a_18225079.zip,hasil_3a_18225079.qmd,5fc9bab069b252123c1a3b32f4b4f2b5e74d6a4a347c9cc3db50af326fd260ee
18225079,Grasella,3b,3,Elsa,K3-05,peserta/18225079/kasus_3b_18225079.zip,hasil_3b_18225079.qmd,6c9a26bea99ad5521a403bfb0f894472d0275b1da27d542701f0eab6ae08b8aa
18225083,Rosianna Maria Aviv Silalahi,1,1,Dimas,K1-04,peserta/18225083/kasus_1_18225083.zip,hasil_1_18225083.qmd,aabd7653f9219fb4e5d29d7bc71a2814b1aed3e400cec18928e4455b40875fa1
18225083,Rosianna Maria Aviv Silalahi,2a,2,Elsa,K2-05,peserta/18225083/kasus_2a_18225083.zip,hasil_2a_18225083.qmd,f81a9121ef8e6d445cf79a8b8a3a72970a68b1ce688560db6dfb8874d8f37247
18225083,Rosianna Maria Aviv Silalahi,2b,2,Cyntia,K2-03,peserta/18225083/kasus_2b_18225083.zip,hasil_2b_18225083.qmd,00c35fbdc5dc47f7b5318c8a931e2b398b6b5c7880d7362e54364d735fd1461d
18225083,Rosianna Maria Aviv Silalahi,3a,3,Dimas,K3-04,peserta/18225083/kasus_3a_18225083.zip,hasil_3a_18225083.qmd,162bcfb3c8516dbac1fd4d2ce96b21f6c10aadf2167a1a69f33f5cb9c4a2ec17
18225083,Rosianna Maria Aviv Silalahi,3b,3,Ali,K3-01,peserta/18225083/kasus_3b_18225083.zip,hasil_3b_18225083.qmd,5ffffd3b9ee71c0492c5371c1339166e95e168fb500fdf3dad06fa7cf47c426d
18225089,Ariya Nanda Harimawan,1,1,Dimas,K1-04,peserta/18225089/kasus_1_18225089.zip,hasil_1_18225089.qmd,e61dd71a812d52b77701fdfc6350cf13b40086379be5e59ee16d86b7bdc67332
18225089,Ariya Nanda Harimawan,2a,2,Dimas,K2-04,peserta/18225089/kasus_2a_18225089.zip,hasil_2a_18225089.qmd,bfd611b0d3bd8dcba9e27ed482f4a238516ce6e2f5c397fa7c751cf1d733cf07
18225089,Ariya Nanda Harimawan,2b,2,Cyntia,K2-03,peserta/18225089/kasus_2b_18225089.zip,hasil_2b_18225089.qmd,544340a22a84663bb1d2e4e6d2f24cb1a0711ed7fe9bf5de7165401951db87b0
18225089,Ariya Nanda Harimawan,3a,3,Fajar,K3-06,peserta/18225089/kasus_3a_18225089.zip,hasil_3a_18225089.qmd,6831bd887ad06833f34afc4d3703d16d6f7a590c0311346812b524b97a10ae97
18225089,Ariya Nanda Harimawan,3b,3,Elsa,K3-05,peserta/18225089/kasus_3b_18225089.zip,hasil_3b_18225089.qmd,1e47661c23c0938e2dd62e0c15c2f8d45a4bb9d28af3c0a4a2d9225ed7400311
18225105,Athaillah Akmalu Ramadhan,1,1,Fajar,K1-06,peserta/18225105/kasus_1_18225105.zip,hasil_1_18225105.qmd,c925626ebc481771ef2fe694e63f85793daedabf2c28895b348d1ac4859cd681
18225105,Athaillah Akmalu Ramadhan,2a,2,Fajar,K2-06,peserta/18225105/kasus_2a_18225105.zip,hasil_2a_18225105.qmd,c6335289c81efc704a917b92c933691f16db9fc61aa63b7cf05b5a0a0d27f88e
18225105,Athaillah Akmalu Ramadhan,2b,2,Cyntia,K2-03,peserta/18225105/kasus_2b_18225105.zip,hasil_2b_18225105.qmd,329f4fb5366ab172732b85880b5ac5638715ede93549741be72434a0b7b536a6
18225105,Athaillah Akmalu Ramadhan,3a,3,Elsa,K3-05,peserta/18225105/kasus_3a_18225105.zip,hasil_3a_18225105.qmd,6aac303162cb7d3cb7312316c705e79fcdbc9265eac8d63e77dc7d1baf3e0cf7
18225105,Athaillah Akmalu Ramadhan,3b,3,Fajar,K3-06,peserta/18225105/kasus_3b_18225105.zip,hasil_3b_18225105.qmd,ee5419944848ec707dc52d61f1485b08ca50f6ad3c7a705af375830f5c5c60d9
18225109,Banu Agil Triyanto,1,1,Dimas,K1-04,peserta/18225109/kasus_1_18225109.zip,hasil_1_18225109.qmd,20ba64c240ce700ebcefb6911f6b0dfa939f4acfe91148c55dd3e45696e2fd6b
18225109,Banu Agil Triyanto,2a,2,Fajar,K2-06,peserta/18225109/kasus_2a_18225109.zip,hasil_2a_18225109.qmd,b1e8f1cc12687025a2374b1e808a750c8ffb0c5077fe6097eed22c7e637b0331
18225109,Banu Agil Triyanto,2b,2,Cyntia,K2-03,peserta/18225109/kasus_2b_18225109.zip,hasil_2b_18225109.qmd,e6c6a802cd7c8103e6aa7db5afb9a21fc11b3ee94ed48bc6d9e1d25b4c117e31
18225109,Banu Agil Triyanto,3a,3,Fajar,K3-06,peserta/18225109/kasus_3a_18225109.zip,hasil_3a_18225109.qmd,3094027bbfb8742b0fc023d55316d45823f6c6de65eb1730260ea86feaaa9216
18225109,Banu Agil Triyanto,3b,3,Ali,K3-01,peserta/18225109/kasus_3b_18225109.zip,hasil_3b_18225109.qmd,1f3aec4acba4145515fe7911426c00071873a3044e3283201d8c368df5a6cf55
18225115,Muhammad Rafi Fadillah,1,1,Fajar,K1-06,peserta/18225115/kasus_1_18225115.zip,hasil_1_18225115.qmd,08a33084cc8c8e30778b98a3d29d631366d25697ce49b68da1becc511f76a500
18225115,Muhammad Rafi Fadillah,2a,2,Cyntia,K2-03,peserta/18225115/kasus_2a_18225115.zip,hasil_2a_18225115.qmd,11d283f102a7ea5bd213c127fa9933f249b24dff32fec8593b07a7b65e162cbd
18225115,Muhammad Rafi Fadillah,2b,2,Budi,K2-02,peserta/18225115/kasus_2b_18225115.zip,hasil_2b_18225115.qmd,07ecccda9668ebbff97ae6d1a0a63efc5ce75ce0dd09c28ad11844909209b573
18225115,Muhammad Rafi Fadillah,3a,3,Ali,K3-01,peserta/18225115/kasus_3a_18225115.zip,hasil_3a_18225115.qmd,80482462e2e4d7d5b09a20762ce991653bac3887d3f50d6a31f47197daf1f9eb
18225115,Muhammad Rafi Fadillah,3b,3,Cyntia,K3-03,peserta/18225115/kasus_3b_18225115.zip,hasil_3b_18225115.qmd,fd197e86497cbcafc39c89fa6e3ec4850ae921f3d492618fc5db6c6942b4b369
18225119,Mouristio R. A. K. L. Praing,1,1,Dimas,K1-04,peserta/18225119/kasus_1_18225119.zip,hasil_1_18225119.qmd,533b918589e2c7b09f40b6bc5a7cb060b1230663ed9f866a9ec351daf75b493c
18225119,Mouristio R. A. K. L. Praing,2a,2,Elsa,K2-05,peserta/18225119/kasus_2a_18225119.zip,hasil_2a_18225119.qmd,1a852eacce5ee6237a736a4ec4147ff0788b3d0443cdfa0a4744fbb02a4b9980
18225119,Mouristio R. A. K. L. Praing,2b,2,Fajar,K2-06,peserta/18225119/kasus_2b_18225119.zip,hasil_2b_18225119.qmd,963ba3629cc85cd3cbc998c8ae8a7e3d262082f1e433f3f05e886e9be0b095b3
18225119,Mouristio R. A. K. L. Praing,3a,3,Budi,K3-02,peserta/18225119/kasus_3a_18225119.zip,hasil_3a_18225119.qmd,7040d9e2af062b42dfeca5ed4c020d07f9de902395064459a8a3f67a74dc99a0
18225119,Mouristio R. A. K. L. Praing,3b,3,Elsa,K3-05,peserta/18225119/kasus_3b_18225119.zip,hasil_3b_18225119.qmd,b8702659122540b2fbc9eba451d0b7d2c39609e35cab0157f47ce46301b27815
18225123,Leroy Keane Muhammad Del Oro A,1,1,Dimas,K1-04,peserta/18225123/kasus_1_18225123.zip,hasil_1_18225123.qmd,17cfd78bab70a32ef2f2e710f0d3eef959a7b56a44b4c5fe05af8ba39fa04921
18225123,Leroy Keane Muhammad Del Oro A,2a,2,Ali,K2-01,peserta/18225123/kasus_2a_18225123.zip,hasil_2a_18225123.qmd,69f01ca333458bd4f269aba10be61c6683c6e962783617aea145df90074ee226
18225123,Leroy Keane Muhammad Del Oro A,2b,2,Dimas,K2-04,peserta/18225123/kasus_2b_18225123.zip,hasil_2b_18225123.qmd,cce946da4a68217661a560630341d7d6c32d1d72b93b68318218dabcf098b047
18225123,Leroy Keane Muhammad Del Oro A,3a,3,Elsa,K3-05,peserta/18225123/kasus_3a_18225123.zip,hasil_3a_18225123.qmd,3de80adfd70fce49fc18f819b9b68353e4fb06b4c1d0f419e842d44d2593ed99
18225123,Leroy Keane Muhammad Del Oro A,3b,3,Cyntia,K3-03,peserta/18225123/kasus_3b_18225123.zip,hasil_3b_18225123.qmd,d0e0201169d5bc63fa70362876373bf99286e342c980e8a5b618a769273bc4c8
18225121,Farrel Garuda Haryono,1,1,Budi,K1-02,peserta/18225121/kasus_1_18225121.zip,hasil_1_18225121.qmd,73cb3312a5e9a1de49fe996c7f71881303e82cd133ce41df8a0df578fa21693a
18225121,Farrel Garuda Haryono,2a,2,Elsa,K2-05,peserta/18225121/kasus_2a_18225121.zip,hasil_2a_18225121.qmd,b061e07b3dbfcb7c45e6b77c2fdd368d0810f63b8350649ee67a8568aab5355d
18225121,Farrel Garuda Haryono,2b,2,Cyntia,K2-03,peserta/18225121/kasus_2b_18225121.zip,hasil_2b_18225121.qmd,6bede086ab2a728ad73ce0d88ba17f0a00e0741fcabee33de0355dd477d97f96
18225121,Farrel Garuda Haryono,3a,3,Dimas,K3-04,peserta/18225121/kasus_3a_18225121.zip,hasil_3a_18225121.qmd,9eed5ea8af4f83c1a82b5629c8c9807795f724f331ad114ebdab7912f40e452e
18225121,Farrel Garuda Haryono,3b,3,Cyntia,K3-03,peserta/18225121/kasus_3b_18225121.zip,hasil_3b_18225121.qmd,4f6b79829d66b3d0bd90167f1d9425b8af4f170a2d684f5a9c9133ff703b316d
